 <?xml version="1.0" encoding="UTF-8"?>
<workflow-app xmlns="uri:oozie:workflow:0.2" name="CombinedAppendWorkflow">
   	
<start to="sqoopbranch_node"/>
   <action name="sqoopbranch_node">
        <sqoop xmlns="uri:oozie:sqoop-action:0.2">
            <job-tracker>${jobTracker}</job-tracker>
            <name-node>${nameNode}</name-node>
            
         <configuration>
                <property>
                    <name>mapred.job.queue.name</name>
                    <value>${queueName}</value>
                </property>
            </configuration>
	<command> job --meta-connect jdbc:hsqldb:hsql://localhost:16000/sqoop --exec CDW_SAPPUpdateBranchJob</command>		 		
	    
	    <archive>/user/maria_dev/lib/java-json.jar#java-json.jar</archive>
        </sqoop>

      <ok to="Create_CDW_SAPP_D_BRANCH_STAGING_TABLE"/>
      <error to="kill_job" />
   </action>
   
   <action name="Create_CDW_SAPP_D_BRANCH_STAGING_TABLE">
      <hive xmlns="uri:oozie:hive-action:0.4">
        <job-tracker>${jobTracker}</job-tracker>
         <name-node>${nameNode}</name-node>
         <script>${nameNode}/user/maria_dev/Credit_Card_System/Oozie_Branch/CDW_SAPP_D_BRANCH_STAGING_TABLE.hive</script>
      </hive>

      <ok to="Create_CDW_SAPP_D_BRANCH"/>
        <error to="fail"/>
    </action>
  <kill name="fail">
        <message> Workflow failed, error message[${wf:errorMessage(wf:lastErrorNode())}]</message>
    </kill>
    
   <action name="Create_CDW_SAPP_D_BRANCH">
      <hive xmlns="uri:oozie:hive-action:0.4">
         <job-tracker>${jobTracker}</job-tracker>
         <name-node>${nameNode}</name-node>
         <script>${nameNode}/user/maria_dev/Credit_Card_System/Oozie_Branch/CDW_SAPP_D_BRANCH_EXTERNAL_TABLE.hive</script>
      </hive>
	
      <ok to="Insert_into_Table_CDW_SAPP_D_BRANCH"/>
      <error to="kill_job" />
   </action>
   
   <action name="Insert_into_Table_CDW_SAPP_D_BRANCH">
      <hive xmlns = "uri:oozie:hive-action:0.4">
         <job-tracker>${jobTracker}</job-tracker>
         <name-node>${nameNode}</name-node>
         <script>${nameNode}/user/maria_dev/Credit_Card_System/Oozie_Branch/CDW_SAPP_D_BRANCH_INSERT_TABLE.hql</script>
        
      </hive>
   	<ok to="sqoopcustomer_node"/>
	<error to="kill_job"/>
     </action>


    <action name="sqoopcustomer_node">
        <sqoop xmlns="uri:oozie:sqoop-action:0.2">
            <job-tracker>${jobTracker}</job-tracker>
            <name-node>${nameNode}</name-node>

            <configuration>
                <property>
                    <name>mapred.job.queue.name</name>
                    <value>${queueName}</value>
                </property>
            </configuration>
	<command> job --meta-connect jdbc:hsqldb:hsql://localhost:16000/sqoop --exec CDW_SAPPCustomerJob</command>		 		
	    
	    <archive>/user/maria_dev/lib/java-json.jar#java-json.jar</archive>
        </sqoop>

      <ok to="Create_CDW_SAPP_D_CUSTOMER_STAGING_TABLE"/>
      <error to="kill_job" />
   </action>
   
   <action name="Create_CDW_SAPP_D_CUSTOMER_STAGING_TABLE">
      <hive xmlns="uri:oozie:hive-action:0.4">
        <job-tracker>${jobTracker}</job-tracker>
         <name-node>${nameNode}</name-node>

         <script>${nameNode}/user/maria_dev/Credit_Card_System/Oozie_Customer/CDW_SAPP_D_CUSTOMER_STAGING_TABLE.hive</script>
      </hive>

      <ok to="Create_CDW_SAPP_D_CUSTOMER"/>
        <error to="kill_job"/>
    </action>
 <kill name="fail">
        <message> Workflow failed, error message[${wf:errorMessage(wf:lastErrorNode())}]</message>
    </kill>

   <action name="Create_CDW_SAPP_D_CUSTOMER">
      <hive xmlns="uri:oozie:hive-action:0.4">
         <job-tracker>${jobTracker}</job-tracker>
         <name-node>${nameNode}</name-node>
         <script>${nameNode}/user/maria_dev/Credit_Card_System/Oozie_Customer/CDW_SAPP_D_CUSTOMER_EXTERNAL_TABLE.hive</script>
      </hive>
	
      <ok to="Insert_into_Table_CDW_SAPP_D_CUSTOMER" />
      <error to="kill_job" />
   </action>
   
   <action name="Insert_into_Table_CDW_SAPP_D_CUSTOMER">
      <hive xmlns = "uri:oozie:hive-action:0.4">
         <job-tracker>${jobTracker}</job-tracker>
         <name-node>${nameNode}</name-node>
         <script>${nameNode}/user/maria_dev/Credit_Card_System/Oozie_Customer/CDW_SAPP_D_CUSTOMER_INSERT_TABLE.hql</script> 
      </hive>

<ok to="sqooptime_node"/>
<error to="kill_job"/>
	</action>

<action name="sqooptime_node">
        <sqoop xmlns="uri:oozie:sqoop-action:0.2">
            <job-tracker>${jobTracker}</job-tracker>
            <name-node>${nameNode}</name-node>

            <configuration>
                <property>
                    <name>mapred.job.queue.name</name>
                    <value>${queueName}</value>
                </property>
            </configuration>
	<command> job --meta-connect jdbc:hsqldb:hsql://localhost:16000/sqoop --exec CDW_SAPPTimeJob</command>		 		
	    
	    <archive>/user/maria_dev/lib/java-json.jar#java-json.jar</archive>
        </sqoop>

      <ok to="Create_CDW_SAPP_D_TIME_STAGING_TABLE" />
      <error to="kill_job" />
   </action>
   
   <action name="Create_CDW_SAPP_D_TIME_STAGING_TABLE">
      <hive xmlns="uri:oozie:hive-action:0.4">
        <job-tracker>${jobTracker}</job-tracker>
         <name-node>${nameNode}</name-node>

         <script>${nameNode}/user/maria_dev/Credit_Card_System/Oozie_Time/CDW_SAPP_D_TIME_STAGING_TABLE.hive</script>
      </hive>

      <ok to="Create_CDW_SAPP_D_TIME"/>
        <error to="kill_job"/>
    </action>
<kill name="fail">
        <message> Workflow failed, error message[${wf:errorMessage(wf:lastErrorNode())}]</message>
    </kill>
    
   <action name="Create_CDW_SAPP_D_TIME">
      <hive xmlns="uri:oozie:hive-action:0.4">
         <job-tracker>${jobTracker}</job-tracker>
         <name-node>${nameNode}</name-node>
         <script>${nameNode}/user/maria_dev/Credit_Card_System/Oozie_Time/CDW_SAPP_D_TIME_EXTERNAL.hive</script>
      </hive>
	
      <ok to="Insert_into_Table_CDW_SAPP_D_TIME" />
      <error to="kill_job" />
   </action>
   
   <action name="Insert_into_Table_CDW_SAPP_D_TIME">
      <hive xmlns = "uri:oozie:hive-action:0.4">
         <job-tracker>${jobTracker}</job-tracker>
         <name-node>${nameNode}</name-node>

         <script>${nameNode}/user/maria_dev/Credit_Card_System/Oozie_Time/CDW_SAPP_D_TIME_INSERT_TABLE.hql</script>
 
      </hive>
<ok to="end"/>
 <error to="kill_job" />
</action>

    <action name="sqoopccard_node">
        <sqoop xmlns="uri:oozie:sqoop-action:0.2">
            <job-tracker>${jobTracker}</job-tracker>
            <name-node>${nameNode}</name-node>

            <configuration>
                <property>
                    <name>mapred.job.queue.name</name>
                    <value>${queueName}</value>
                </property>
            </configuration>
	<command> job --meta-connect jdbc:hsqldb:hsql://localhost:16000/sqoop --exec CDW_SAPPUpdatedCreditCardJob</command>		 		
	    
	    <archive>/user/maria_dev/lib/java-json.jar#java-json.jar</archive>
        </sqoop>

      <ok to="Create_CDW_SAPP_F_CREDITCARD_STAGING_TABLE"/>
      <error to="kill_job" />
   </action>
   
   <action name="Create_CDW_SAPP_F_CREDITCARD_STAGING_TABLE">
      <hive xmlns="uri:oozie:hive-action:0.4">
        <job-tracker>${jobTracker}</job-tracker>
         <name-node>${nameNode}</name-node>

         <script>${nameNode}/user/maria_dev/Credit_Card_System/Oozie_Creditcard/CDW_SAPP_F_CREDITCARD_STAGING_TABLE.hive</script>
      </hive>

      <ok to="Create_CDW_SAPP_F_CREDITCARD"/>
        <error to="fail"/>
    </action>
 <kill name="fail">
        <message> Workflow failed, error message[${wf:errorMessage(wf:lastErrorNode())}]</message>
    </kill>
    
   <action name="Create_CDW_SAPP_F_CREDITCARD">
      <hive xmlns="uri:oozie:hive-action:0.4">
         <job-tracker>${jobTracker}</job-tracker>
         <name-node>${nameNode}</name-node>
         <script>${nameNode}/user/maria_dev/Credit_Card_System/Oozie_Creditcard/CDW_SAPP_F_CREDITCARD_EXTERNAL_TABLE.hive</script>
      </hive>
	
      <ok to="Insert_into_Table_CDW_SAPP_F_CREDITCARD" />
      <error to="kill_job" />
   </action>
   
   <action name="Insert_into_Table_CDW_SAPP_F_CREDITCARD">
      <hive xmlns = "uri:oozie:hive-action:0.4">
         <job-tracker>${jobTracker}</job-tracker>
         <name-node>${nameNode}</name-node>

         <script>${nameNode}/user/maria_dev/Credit_Card_System/Oozie_Creditcard/CDW_SAPP_F_CREDITCARD_INSERT_TABLE.hql</script>
        
      </hive>
	
      <ok to="end" />
      <error to="kill_job" />
   </action>
   
   <kill name="kill_job">
      <message>Job customerJob failed</message>
   </kill>

   <end name="end" />
</workflow-app>