<coordinator-app xmlns = "uri:oozie:coordinator:0.2" name =
"Branch_Coordinator" frequency = "0/20 8-17 ? * 2-6" start = "2018-04-02T18:00Z" end = "2025-03-29T18:00Z" timezone = "UTC" >

   
   <controls>
      <timeout>-1</timeout>
      <concurrency>1</concurrency>
      <execution>FIFO</execution>
      <throttle>1</throttle>
   </controls>
   
   <action>
      <workflow>
         <app-path>${nameNode}/user/maria_dev/Credit_Card_System/Oozie_Branch/CDW_SAPP_D_BRANCH_APPEND_workflow.xml</app-path>
         

      </workflow>
   </action>
	
</coordinator-app>
